{
    "variable": "sst",
    "mean": 287.21881103515625,
    "std": 11.663594245910645
}